,precision,recall,f1-score,support
BENIGN,0.9978957915831663,0.9959,0.9968968968968969,10000.0
Bot,0.9466019417475728,0.9974424552429667,0.9713574097135741,391.0
DDoS,0.9996998499249625,0.9992,0.9994498624656164,10000.0
DoS GoldenEye,0.9966085271317829,1.0,0.9983013831594273,2057.0
DoS Hulk,0.9990999099909991,0.999,0.9990499524976248,10000.0
DoS Slowhttptest,0.9961612284069098,0.9923518164435946,0.9942528735632183,1046.0
DoS slowloris,0.9935245143385754,0.9972144846796658,0.995366079703429,1077.0
FTP-Patator,1.0,1.0,1.0,1187.0
Heartbleed,1.0,1.0,1.0,2.0
Infiltration,1.0,0.8571428571428571,0.9230769230769231,7.0
PortScan,0.9995999199839968,0.9994,0.9994999499949995,10000.0
SSH-Patator,0.9984496124031008,1.0,0.9992242048099301,644.0
Web Attack - Brute Force,0.7597402597402597,0.7959183673469388,0.7774086378737541,294.0
Web Attack - Sql Injection,0.75,0.75,0.75,4.0
Web Attack - XSS,0.5086206896551724,0.45384615384615384,0.4796747967479675,130.0
accuracy,0.9955165567155575,0.9955165567155575,0.9955165567155575,0.9955165567155575
macro avg,0.9297334829937667,0.9224944089801451,0.9255705980335575,46839.0
weighted avg,0.9954652370380945,0.9955165567155575,0.9954770356747007,46839.0


